Id,NAME,ADDRESS,CITY,STATE,ZIP,LAT,LON,PHONE,REVENUE,UTILIZATION
ef58ea08-d883-3957-8300-150554edc8fb,HEALTHALLIANCE HOSPITALS  INC,60 HOSPITAL ROAD,LEOMINSTER,MA,01453,42.520838,-71.770876,9784662000,0.0,188
69176529-fd1f-3b3f-abce-a0a3626769eb,MOUNT AUBURN HOSPITAL,330 MOUNT AUBURN STREET,CAMBRIDGE,MA,02138,42.375967,-71.118275,6174923500,0.0,58
f1fbcbfb-fcfa-3bd2-b7f4-df20f1b3c3a4,LAWRENCE GENERAL HOSPITAL,ONE GENERAL STREET,LAWRENCE,MA,01842,42.700273,-71.161357,9786834000,0.0,674
e002090d-4e92-300e-b41e-7d1f21dee4c6,CAMBRIDGE HEALTH ALLIANCE,1493 CAMBRIDGE STREET,CAMBRIDGE,MA,02138,42.375967,-71.118275,6176652300,0.0,148
ef6ab57c-ed94-3dbe-9861-812d515918b3,CAPE COD HOSPITAL,88 LEWIS BAY ROAD,HYANNIS,MA,02601,41.748854,-70.74053599999998,5087711800,0.0,77
49318f80-bd8b-3fc7-a096-ac43088b0c12,COOLEY DICKINSON HOSPITAL INC THE,30 LOCUST STREET,NORTHAMPTON,MA,01060,42.327044,-72.67463000000002,4135822000,0.0,91
fbf6180e-b800-3ebe-b91d-93d0288c400e,BAYSTATE FRANKLIN MEDICAL CENTER,164 HIGH STREET,GREENFIELD,MA,01301,42.614671,-72.597063,4137730211,0.0,235
8b58cdd1-3d79-3126-8fe0-da2c54d6805c,CARNEY HOSPITAL,2100 DORCHESTER AVENUE,BOSTON,MA,02124,42.33196,-71.020173,6175062000,0.0,35
4bdaa4c2-c664-3089-aee2-7137abbad27f,HARRINGTON MEMORIAL HOSPITAL-1,100 SOUTH STREET,SOUTHBRIDGE,MA,01550,42.059669,-72.03404,5087659771,0.0,27
ecc51621-0af3-3b35-ac3e-8b1e34022e92,SAINT ANNE'S HOSPITAL,795 MIDDLE STREET,FALL RIVER,MA,02721,41.725351,-71.094162,5086745600,0.0,64
37b4d73f-652d-3033-a16e-d97b9e8b4cda,ANNA JAQUES HOSPITAL,25 HIGHLAND AVENUE,NEWBURYPORT,MA,01950,42.812141,-70.886646,9784631000,0.0,157
5844ad77-f653-3c2b-b7dd-e97576ab3b03,BAYSTATE WING HOSPITAL AND MEDICAL CENTERS,40 WRIGHT STREET,PALMER,MA,01069,42.187794,-72.30846899999997,4132837651,0.0,10
08bcda9c-f8c8-3244-82d4-fc306a7a55d3,BOSTON MEDICAL CENTER CORPORATION-,1 BOSTON MEDICAL CENTER PLACE,BOSTON,MA,02118,42.33196,-71.020173,6176388000,0.0,71
4861d01f-019c-3dac-a153-8334e50919f9,NORTH SHORE MEDICAL CENTER -,81 HIGHLAND AVENUE,SALEM,MA,01970,42.50128,-70.897502,9787411215,0.0,47
a0b6ec0c-e587-3b2a-bf9f-248849f29ee5,ST ELIZABETH'S MEDICAL CENTER,736 CAMBRIDGE STREET,BRIGHTON,MA,02135,42.33196,-71.020173,6177893000,0.0,4
4f3a530e-a2f7-3de0-9a09-c0a70a9ab894,BERKSHIRE MEDICAL CENTER INC - 1,725 NORTH STREET,PITTSFIELD,MA,01201,42.452045,-73.26054,4134472000,0.0,429
f71ce1a9-cca7-3295-9a1e-c88ac3479b6f,MARLBOROUGH HOSPITAL,157 UNION STREET,MARLBOROUGH,MA,01752,42.349617,-71.547214,5084815000,0.0,60
c44f361c-2efb-3050-8f97-0354a12e2920,SIGNATURE HEALTHCARE BROCKTON HOSPITAL,680 CENTER STREET,BROCKTON,MA,02302,42.082543,-71.024638,5089417000,0.0,178
331f4c11-d298-308b-aaa1-d7825b29b57f,CLINTON HOSPITAL ASSOCIATION,201 HIGHLAND STREET,CLINTON,MA,01510,42.411887,-71.690005,9783683000,0.0,80
b1ddf812-1fdd-3adf-b1d5-32cc8bd07ebb,BETH ISRAEL DEACONESS HOSPITAL - PLYMOUTH,275 SANDWICH STREET,PLYMOUTH,MA,02360,41.897892,-70.62403,5087462000,0.0,293
6be05ccf-ef94-341f-a2a3-1cf9bfde1b18,ADCARE HOSPITAL OF WORCESTER INC,107 LINCOLN STREET,WORCESTER,MA,01605,42.269478,-71.807783,5087999000,0.0,79
b0e04623-b02c-3f8b-92ea-943fc4db60da,LOWELL GENERAL HOSPITAL,295 VARNUM AVENUE,LOWELL,MA,01854,42.638893,-71.32210699999997,9789376000,0.0,296
ebc3f5c4-6700-34af-8323-85621c313726,NOBLE HOSPITAL,115 WEST SILVER STREET,WESTFIELD,MA,01085,42.138838,-72.755911,4135682811,0.0,70
fd328395-ab1d-35c6-a2d0-d05a9a79cf11,MERCY MEDICAL CTR,271 CAREW STREET,SPRINGFIELD,MA,01104,42.115454,-72.539978,4137489000,0.0,9
d692e283-0833-3201-8e55-4f868a9c0736,HALLMARK HEALTH SYSTEM,585 LEBANON STREET,MELROSE,MA,02176,42.455723,-71.05901899999998,7819793000,0.0,29
d78e84ec-30aa-3bba-a33a-f29a3a454662,MASSACHUSETTS GENERAL HOSPITAL,55 FRUIT STREET,BOSTON,MA,02114,42.33196,-71.020173,6177262000,0.0,34
8ad64ecf-c817-3753-bee7-006a8e662e06,MORTON HOSPITAL,88 WASHINGTON STREET,TAUNTON,MA,02780,41.903323,-71.094984,5088287000,0.0,238
23834663-ed53-3da9-b330-d6e1ecb8428e,SOUTHCOAST HOSPITAL GROUP  INC,363 HIGHLAND AVENUE,FALL RIVER,MA,02720,41.725351,-71.094162,5086793131,0.0,286
44bef9d3-91c2-3005-93e0-ccf436348ff0,MASSACHUSETTS EYE AND EAR INFIRMARY -,243 CHARLES STREET,BOSTON,MA,02114,42.33196,-71.020173,6175237900,0.0,2
60457c13-adb2-3415-82c5-86ab5dab5f93,BAYSTATE MEDICAL CENTER,759 CHESTNUT STREET,SPRINGFIELD,MA,01199,42.115454,-72.539978,4137940000,0.0,87
7fb56531-86bd-3e4a-8619-4df9942da309,BETH ISRAEL DEACONESS HOSPITAL - NEEDHAM,148 CHESTNUT STREET,NEEDHAM,MA,02494,42.281593,-71.242414,7814533002,0.0,29
03347b4d-994e-302b-848b-58019a4e274d,EMERSON HOSPITAL -,133 OLD ROAD TO 9 ACRE CORNER,W CONCORD,MA,01742,42.269478,-71.807783,9783691400,0.0,14
cb6a50e0-af76-3758-99ad-3200ede03fff,BETH ISRAEL DEACONESS MEDICAL CENTER,330 BROOKLINE AVENUE,BOSTON,MA,02215,42.33196,-71.020173,6176677000,0.0,4
9a7149fa-49fc-3c87-b935-d29c55808717,NEW ENGLAND BAPTIST HOSPITAL,125 PARKER HILL AVENUE,BOSTON,MA,02120,42.33196,-71.020173,6177545800,0.0,2
24cb4eab-6166-3530-bddc-a5a8a14a4fc1,MILFORD REGIONAL MEDICAL CENTER,14 PROSPECT STREET,MILFORD,MA,01757,42.158692,-71.521419,5084731190,0.0,174
e44f438a-601b-30fb-85eb-bfaf8ddcb5ad,HEYWOOD HOSPITAL -,242 GREEN STREET,GARDNER,MA,01440,42.586516,-71.988062,9786323420,0.0,290
ac8356a5-78f8-3a63-8a1e-59e832fd54e7,NASHOBA VALLEY MEDICAL CENTER,200 GROTON ROAD,AYER,MA,01432,42.562221,-71.58484399999998,9787849000,0.0,133
db0acede-4abe-3c01-8d03-5c68a190d8c7,SOUTH SHORE HOSPITAL,55 FOGG ROAD,SOUTH WEYMOUTH,MA,02190,42.24158900000001,-71.082651,7813408000,0.0,16
3d10019f-c88e-3de5-9916-6107b9c0263d,NEWTON-WELLESLEY HOSPITAL,2014 WASHINGTON STREET,NEWTON,MA,02462,42.331876,-71.208402,6172436000,0.0,111
f4e7709c-02f6-37ca-aeea-8247d74e88e7,WINCHESTER HOSPITAL,41 HIGHLAND AVENUE,WINCHESTER,MA,01890,42.452752,-71.144319,7817299000,0.0,453
12c9daf5-a29c-36c9-ac55-28972463e566,BETH ISRAEL DEACONESS HOSPITAL-MILTON INC,199 REEDSDALE ROAD,MILTON,MA,02186,42.24158900000001,-71.082651,6176964600,0.0,129
27379046-608b-32f0-9df7-8c833cf5d11d,BRIGHAM AND WOMEN'S HOSPITAL,75 FRANCIS STREET,BOSTON,MA,02115,42.33196,-71.020173,6177325500,0.0,2
226098a2-6a40-3588-b5bb-db56c3a30a04,GOOD SAMARITAN MEDICAL CENTER,235 NORTH PEARL STREET,BROCKTON,MA,02301,42.082543,-71.024638,5084273000,0.0,239
b7175ab4-bde5-3848-891b-579bccb77c7c,TUFTS MEDICAL CENTER,800 WASHINGTON STREET,BOSTON,MA,02111,42.33196,-71.020173,6176365000,0.0,1
3bd5eda0-16da-3ba5-8500-4dfd6ae118b8,NORWOOD HOSPITAL,800 WASHINGTON STREET,NORWOOD,MA,02062,42.18736,-71.195955,5087721000,0.0,10
f99c74cc-7d1a-3f95-9a33-4a9357bf2f2a,UMASS MEMORIAL MEDICAL CENTER INC,55 LAKE AVENUE NORTH,WORCESTER,MA,01655,42.269478,-71.807783,5083341000,0.0,27
6f122869-a856-3d65-8db9-099bf4f5bbb8,LAHEY HOSPITAL & MEDICAL CENTER  BURLINGTON,41 & 45 MALL ROAD,BURLINGTON,MA,01803,42.503227,-71.201713,7817445100,0.0,41
465de31f-3098-365c-af70-48a071e1f5aa,METROWEST MEDICAL CENTER,115 LINCOLN STREET,FRAMINGHAM,MA,01701,42.307905,-71.436196,5083831000,0.0,56
1eaf97fa-9de6-38de-a9c4-6efe5dc574be,ST VINCENT HOSPITAL,123 SUMMER STREET,WORCESTER,MA,01608,42.269478,-71.807783,5083635000,0.0,158
80e919cc-df1a-3838-b75e-541564a286e5,NANTUCKET COTTAGE HOSPITAL,57 PROSPECT STREET,NANTUCKET,MA,02554,41.293416,-70.10216899999999,5082281200,0.0,115
8e00f524-3a5f-313e-9542-378dfc61193f,MARTHA'S VINEYARD HOSPITAL INC,ONE HOSPITAL ROAD  FIRST FL  WING 5   PO BOX 1477,OAK BLUFFS,MA,02557,41.45716,-70.556101,5086930410,0.0,122
161a799c-4894-36f6-8ca7-2a71c8107f79,ATHOL MEMORIAL HOSPITAL,2033 MAIN STREET,ATHOL,MA,01331,42.593384,-72.230228,9782493511,0.0,66
956ccb85-bea0-30f9-af48-52f5dd95ff72,FRANCISCAN CHILDREN'S HOSPITAL & REHAB CENTER,30 WARREN STREET,BRIGHTON,MA,02135,42.33196,-71.020173,6172543800,0.0,1
d7b11827-25f2-350b-bcd8-939fc59851b0,BOSTON CHILDREN'S HOSPITAL,300 LONGWOOD AVENUE,BOSTON,MA,02115,42.33196,-71.020173,6177356000,0.0,9
5103c940-0c08-392f-95cd-446e0cea042a,SHRINERS' HOSPITAL FOR CHILDREN (THE),516 CAREW STREET,SPRINGFIELD,MA,01104,42.115454,-72.539978,4137872000,0.0,3
be4c63f3-8d38-3fa9-a183-62045b5c85f6,VA Boston Healthcare System  Jamaica Plain Campus,150 South Huntington Avenue,Jamaica Plain,MA,02130,42.32809,-71.11076,617-232-9500,0.0,192
0b78995f-8b45-34d3-969d-afcc456bb1c7,New Bedford Outpatient Clinic,175 Elm Street,New Bedford,MA,02740,41.635937,-70.92991,508-994-0217,0.0,94
de7eebed-6d89-3e62-b8d3-59d80c664399,Pittsfield Outpatient Clinic,73 Eagle Street,Pittsfield,MA,01201,42.451427,-73.25195,413-499-2672 Or 413-499-2672,0.0,69
7a90ea23-6a9c-3bd0-a62a-a462adbeee60,PCP1742,132 FRONT ST,SCITUATE,MA,02066-1386,42.205062,-70.74297800000001,781-545-1008,0.0,34
b7b40287-83bb-396b-a2c6-eb74e3265d4e,PCP4961,1180 BEACON ST,BROOKLINE,MA,02446-3806,42.323853,-71.142003,617-396-7573,0.0,37
973e7384-d05b-32ad-a8cc-c39191ee9150,PCP7483,152 N ST,PITTSFILED,MA,01201,42.452045,-73.26054,413-443-8480,0.0,28
e72c6935-66fe-36b4-90ab-b3e958b57fba,PCP9773,23 ISAAC ST,MIDDLEBORO,MA,02346-2080,41.894223,-70.925689,774-254-1197,0.0,52
06eff9e0-c5b4-39ed-8273-2f29cf5d3185,PCP10127,464 GRANITE AVE,MILTON,MA,02186-5625,42.241557,-71.082432,617-698-0998,0.0,68
05b06130-e01d-3303-8c21-3ae6c1446ba8,PCP11992,37 ALGONQUIN AVE,ANDOVER,MA,01810-5527,42.648044,-71.161751,978-749-3690,0.0,58
daa4c408-5fc5-32a8-881e-12181e8b8598,PCP12132,11 PROSPECT ST,SHERBORN,MA,01770-1302,42.231947,-71.372963,508-545-1843,0.0,37
908921eb-7b1d-3425-86ed-5919a9c01b6a,NANCY A BALIN MD F A C S,269 LOCUST ST,FLORENCE,MA,01062-2053,42.327044,-72.67463000000002,413-584-6666,0.0,90
6a576642-a046-3dd9-aea4-eec846398490,PCP14228,19 WEBSTER SQUARE,MARSHFIELD,MA,02050-3468,42.115139,-70.71033100000001,781-837-5800,0.0,65
25b58aaf-3bec-3cea-bf56-a95ba7c34def,PCP15356,180 BOLTON ST,MARLBOROUGH,MA,01752-3934,42.349616999999995,-71.547214,508-485-0736,0.0,31
f0f86560-e984-3bb4-b93e-480bb4691e0f,PCP19053,500 MAIN ST,WILBRAHAM,MA,01095-1658,42.126883,-72.430952,413-949-3391,0.0,7
d671d0c2-8451-3b7b-8eca-2143a975159d,PCP21683,10 DEER RUN,WAYLAND,MA,01778-3209,42.360427,-71.361099,508-358-4672,0.0,28
a3f3508a-4ed2-3a9e-8580-0d325e3d3457,STURBRIDGE HUMAN SERVICES INC,450 MAIN ST,FISKDALE,MA,01518-1296,42.124762,-72.110888,508-347-7755,0.0,19
cded94db-6a8c-3c00-9eca-874e428de7f7,PCP28956,531 KING ST,LITTLETON,MA,01460-1279,42.535931,-71.490569,978-452-37114,0.0,17
13ac250b-43af-387a-b3ab-f50eedab3ea8,PCP29182,22 MILL ST,ARLINGTON,MA,02476-4744,42.418721999999995,-71.163912,781-488-3294,0.0,40
cd1f5054-2a98-3665-94db-572a81a2e874,PCP29200,300 W MAIN ST,NORTHBOROUGH,MA,01532-2132,42.323342,-71.646236,508-366-77072,0.0,46
1fde85e4-d4ad-3df7-8b63-5da077f83680,PCP32099,489 ARLINGTON ST,DRACUT,MA,01826-5228,42.679722999999996,-71.30068,913-909-9160,0.0,32
5f3a820c-2d15-32cf-85d7-b7dbf71cf3c9,DARTMOUTH DERMATOLOGY ASSOCIATES  PC,368 FAUNCE CORNER RD,DARTMOUTH,MA,02747-1257,41.56651,-70.958229,508-998-1994,0.0,23
e2c63b97-bebc-31b1-ac8b-72ace3547669,BILLERICA CHIROPRACTIC OFFICE P.C.,25 BRIDGE ST,BILLERICA,MA,01821-1023,42.559673,-71.260947,978-667-1932,0.0,58
6f8ad572-8023-3796-8582-e3ebc6113fb7,PCP36211,26 JENNIFER ST,LITTLETON,MA,01460-1709,42.535931,-71.490569,781-640-0900,0.0,50
baad40f6-f6e8-3555-be27-8fbba66128ca,PCP36602,1 BROOKLINE PL,BROOKLINE,MA,02445-7277,42.323853,-71.142003,617-278-0272,0.0,43
d89a8f94-0755-3988-a0d4-64bb37fd705c,PCP36966,5 STATE ST,SHELBURNE FLS,MA,01370-1036,42.609509,-72.74698000000002,413-625-8494,0.0,60
e4985463-921d-38b5-a6dc-c2f8f78a884f,PCP37016,25 MARSTON ST,LAWRENCE,MA,01841-2355,42.700272999999996,-71.161357,978-687-2586,0.0,36
411735bd-f830-3011-a59f-c3f84a1f042e,PCP44598,30 HARDWICK RD,PETERSHAM,MA,01366-9701,42.459222,-72.216335,978-724-3424,0.0,43
86ed5cdc-c6d1-3308-b3a7-8173855c4fc1,PCP44830,89 MAIN ST,MEDWAY,MA,02053-1818,42.156203000000005,-71.43034499999999,508-533-3777,0.0,34
9b85cf38-ccfb-36f8-82d9-3aab7a24ac0b,PCP46940,113 BELMONT ST,BELMONT,MA,02478-3603,42.395317,-71.180284,617-731-9096,0.0,29
4917759b-1f9e-3733-af09-132e8a56641a,PCP48383,33 E MAIN ST,WARE,MA,01082-1478,42.275462,-72.280158,413-949-2772,0.0,26
3ad8f3a6-047e-3ade-8ff6-6ad9901e53d3,PCP50256,173 MOUNT AUBURN ST,WATERTOWN,MA,02472-4005,42.369451,-71.177925,781-641-2210,0.0,29
d86e15fb-290b-36d8-ad51-b32ceda12b77,PCP54507,15 MIDSTATE DR,AUBURN,MA,01501-1856,42.198708,-71.846006,774-239-2702,0.0,16
0c15415c-9da3-371c-b7b6-df95c18e2d0c,PCP56256,70 WASHINGTON ST,SALEM,MA,01970-3520,42.499248,-70.898204,781-864-8048,0.0,27
f93e59e2-c0e4-3118-a1c2-3234c6dde120,CHARIS CENTER SOUTH  INC.,604 FOUNDRY ST,EASTON,MA,02334,42.040515,-71.109329,508-947-1901,0.0,55
a2044f5c-402b-350e-9bf3-2dbc7ba55edf,EYE HEALTH ASSOCIATES LLC,51 STATE RD,DARTMOUTH,MA,02747-3319,41.56651,-70.958229,508-994-1400,0.0,31
03f162f5-ad40-3c16-899b-a832b625b0c7,PCP59278,452 PLEASANT ST,MALDEN,MA,02148-8117,42.42938,-71.058706,781-324-8704,0.0,31
b2872674-997c-30cd-862d-eeeb72a4a7bc,PCP60018,45 STERLING ST,WEST BOYLSTON,MA,01583-1200,42.369417,-71.785036,978-906-1753,0.0,30
02ac6866-d3a6-34b6-b677-4ad855456cf9,PCP62147,1680 A BEACON ST,BROOKLINE,MA,02445-2180,42.323853,-71.142003,617-734-5770,0.0,31
b81f7f7b-46fa-3596-bf0f-2db5613cf671,PCP63171,15 SHIRLEY AVE,DENNIS PORT,MA,02639-2443,41.666903999999995,-70.135645,508-394-8677,0.0,38
c0094038-6272-32dc-bf16-e4e8e417098a,BURLINGTON OB-GYN ASSOC INC,101 CAMBRIDGE ST,BURLINGTON,MA,01803-3766,42.503227,-71.201713,781-272-4667,0.0,17
7b16a000-ec3a-3f2d-acf4-bf1d6130c39a,PCP67457,250 C GREENFIELD RD,SOUTH DEERFIELD,MA,01373-9790,42.481395,-72.589793,413-665-0481,0.0,34
cc753dea-8769-384d-9f93-b87ed9e459d5,R LESLIE SHELTON MD PC,100 HOSPITAL RD,LEOMINSTER,MA,01453-2244,42.520876,-71.770611,978-840-6481,0.0,69
811de503-055f-3d74-b10b-21b9ebbd145e,PCP80542,215 SANDWICH RD,WAREHAM,MA,02571-1637,41.76104,-70.701779,617-847-1950,0.0,31
525d4346-4aa8-3bf5-8e5b-397ac106fe51,PCP85170,340 PLEASANT ST,BROCKTON,MA,02301-3236,42.082543,-71.024638,,0.0,35
6d764f44-0f5a-3f7c-9bb1-f9ffe015fcc1,PCP89222,1842 BEACON ST,BROOKLINE,MA,02445-1922,42.323853,-71.142003,,0.0,54
f361eedf-8ff2-3500-8740-e7d121f9731d,MASS BAY SPINE AND SPORT PHYSICAL THERAPY  INC.,506 PLAIN ST,MARSHFIELD,MA,02050-2745,42.115139,-70.71033100000001,781-319-0024,0.0,30
87f6941d-90f6-3c1d-b443-4038458cf8d7,PLATINUM PHYSICAL THERAPY  INC.,15 W UNION ST,ASHLAND,MA,01721-1464,42.257754999999996,-71.473526,508-881-6750,0.0,21
c0138ea8-3e27-37ba-afb8-7237f58c62f8,FAMILY PRACTICE ASSOCIATES R TAYLOR E HEYMAN AND R LEE PTRS,20 ELM ST,PITTSFIELD,MA,01201-6502,42.451840000000004,-73.260685,413-442-1019,0.0,113
0c4ef539-ce2d-3ed5-9b25-1c5de505cd38,PCP114647,366 MASSACHUSETTS AVE,ARLINGTON,MA,02474-6731,42.418721999999995,-71.163912,,0.0,28
a012f4a2-ce37-3ffc-b5ba-5acbd5975469,NORTH BOSTON ORAL AND FACIAL SURGERY INC,242 MAIN ST,AMESBURY,MA,01913-3764,42.851284,-70.955837,978-388-7500,0.0,54
a8b36eec-d44f-379c-acd2-d3d082bca238,PCP127958,1020 PLAIN ST,MARSHFIELD,MA,02050-2179,42.115139,-70.71033100000001,,0.0,2
75ac3572-9c8c-3e6c-b960-51716a14a483,PCP128616,9 COLBY ST,SALEM,MA,01970-1901,42.499248,-70.898204,,0.0,32
bdbe5a28-66cd-37af-b959-ecb293bc6908,PCP130156,101 AMESBURY ST,LAWRENCE,MA,01840-1311,42.700272999999996,-71.161357,,0.0,39
31443b29-9fc0-3abd-b119-2ebc1ee64e17,PCP137753,70 COURT ST,WESTFIELD,MA,01085-1855,42.138838,-72.755911,,0.0,24
200fda80-4f41-3747-bfb4-5db70c2e3868,PCP144929,274 WESTFIELD ST,WEST SPRINGFIELD,MA,01089-2572,42.125451,-72.649734,,0.0,49
871452d1-2b77-3981-92ce-a3c3c6dc4be5,PCP146943,16 WATER HOUSE RD,BOURNE,MA,02532,41.717459999999996,-70.591824,,0.0,45
0fad13aa-142b-360d-8730-56777abc3e9b,PCP149687,776 LONGMEADOW ST,LONGMEADOW,MA,01106-2219,42.047565000000006,-72.57113000000001,,0.0,16
150d4bec-d11c-3014-8818-45127743725d,PCP155636,69 BAYVIEW AVE,BERKLEY,MA,02779-1924,41.838060999999996,-71.07761500000001,,0.0,39
ee7b0816-148e-387c-9294-4f2bc952e515,BETHEL MEDICAL GROUP PC,111 TORREY ST,BROCKTON,MA,02301-4800,42.082543,-71.024638,508-588-1200,0.0,29
c13aae5c-3443-371c-a343-60f2c46d6852,PCP171808,12 CANDLEWOOD LN,DENNIS PORT,MA,02639-1334,41.666903999999995,-70.135645,508-292-6022,0.0,29
2fd9bdee-861e-333f-abb2-52f40dbd2e97,PCP175682,1250 HANCOCK ST,QUINCY,MA,02169-4331,42.261006,-71.008988,,0.0,35
d68d84e2-8771-345d-9af3-9f000c25a286,NEPONSET VALLEY ORAL AND MAXILLOFACIAL SURGERY ASSOCIATES  PC.,486 WASHINGTON ST,WELLESLEY,MA,02482-5971,42.305932,-71.282917,781-235-5225,0.0,23
2af22601-e642-38dd-b032-22e0947f6b1e,PCP187044,184 W MAIN ST,NORTON,MA,02766-1243,41.965340999999995,-71.18178,,0.0,91
45cd187a-1dd6-349f-88d5-c6a30e70fbb5,PIONEER VALLEY DERMATOLOGY PC,29 B COTTAGE ST,AMHERST,MA,01002-1206,42.363534,-72.50729100000001,413-549-7400,0.0,36
6b6e3359-cd17-3d26-ba37-248d9aa80763,PCP198892,100 GOULD RD,MONTEREY,MA,01245,42.186893,-73.223105,413-528-1804,0.0,69
7b4ee97a-0723-3538-900c-0a9680a6c021,JOHN MAGALHAES AND ASSOCIATES  INC.,382 STATE RD,DARTMOUTH,MA,02747-4302,41.56651,-70.958229,508-991-4520,0.0,52
a3bba89b-a75c-31d4-9192-1d2bb6521a79,PINNACLE HEALTH MANAGEMENT,105 WEBSTER ST,HANOVER,MA,02339-1227,42.122956,-70.85631,781-754-6545,0.0,35
9a457e82-d5d7-3884-921d-800b874ae60d,PCP215699,50 N 2ND ST,NEW BEDFORD,MA,02740-6272,41.661303000000004,-70.937913,401-396-9984,0.0,30
7753a595-c36a-360d-9fe9-226a9f7b822e,ST. VINCENT RADIOLOGICAL ASSOC.  INC.,14 RICE RD,TEMPLETON,MA,01468-1332,42.563482,-72.07547199999999,978-939-2035,0.0,72
030d23fc-240c-3526-965a-3bddaa5535bb,BRIAN D. TEDESCO DPM AND GEORGE A. ABBOUD DPM PC,53 MAIN ST,SOMERVILLE,MA,02145-1448,42.390445,-71.101033,617-629-2806,0.0,38
6040b2da-71a1-3d12-a777-427cbb929931,PCP231204,46 MAIN RD,MONTGOMERY,MA,01085-9522,42.220395,-72.834999,413-862-3400,0.0,26
4b02e56a-7864-3e69-af83-065a9ce5f7e7,PCP233164,170 POND RD,WEST TISBURY,MA,02575-0130,41.394406,-70.656447,508-696-9171,0.0,62
840f740e-0a45-3a39-82bc-33413310d0a3,WINCHESTER HOSPITAL INPATIENT SPECIALISTS PLLC,41 HIGHLAND AVE,WINCHESTER,MA,01890-1496,42.452752000000004,-71.144319,781-729-9000,0.0,56
e204d54b-9e41-3aec-a681-8a0929a652d5,HOWARD S GOLDBERG MD INC,990 PARADISE RD,SWAMPSCOTT,MA,01907-1395,42.468059000000004,-70.89126,781-592-2830,0.0,36
395a9f52-1f2d-35cd-8cfe-35e2771f8921,PCP248432,567 CENTRAL ST,BOYLSTON,MA,01505-1523,42.355049,-71.716157,508-335-2452,0.0,60
4b763c09-b201-30b8-bb68-8e69a7063970,RANDOLPH EYE PC,1587 BLUE HILL AVE,MATTAPAN,MA,02126-2122,42.33196,-71.020173,617-298-6998,0.0,67
76fcc5a2-ce75-3662-8763-1d53b733cef9,PCP258626,25 OLD WESTPORT RD,DARTMOUTH,MA,02747-2537,41.56651,-70.958229,508-951-6228,0.0,28
0f6eba19-ad14-3643-895a-9c6b29d2ffc2,PRIMA CARE PC,289 PLEASANT ST,FALL RIVER,MA,02721-3005,41.725351,-71.094162,508-674-0600,0.0,40
0e173633-0efb-33b9-855e-06f1edbd1308,PCP267536,40 REVERE ST,CANTON,MA,02021-2923,42.175737,-71.125385,781-828-5080,0.0,16
c29794ec-7d16-3467-89d8-02637a9b127e,STEWARD MEDICAL GROUP  INC,100 AMESBURY ST,LAWRENCE,MA,01842-1321,42.700272999999996,-71.161357,978-683-0157,0.0,58
8c35036f-47d7-3e93-9410-e6f7acd9cc77,MILFORD REGIONAL PHYSICIAN GROUP INC,94 MENDON ST,HOPEDALE,MA,01747-1311,42.123007,-71.53140400000001,508-482-5401,0.0,14
94e3c32a-69b3-323e-9d98-0643b2179c3e,PROEX PHYSICAL THERAPY  LLC,3 FERRY ST F,HAVERHILL,MA,01835-7442,42.782945,-71.087436,978-469-9412,0.0,35
a0f92a63-5680-3227-bda4-8e53a5577f89,CAMBRIDGE PUBLIC HEALTH COMMISSION,391 BROADWAY,EVERETT,MA,02149-3471,42.405938,-71.054649,617-389-0045,0.0,26
5ce0f225-3202-3c0a-af71-78ddb9071ffb,SIGNATURE HEALTHCARE MEDICAL GROUP INC,545 BEDFORD ST,BRIDGEWATER,MA,02324-3117,41.972376000000004,-70.978773,508-697-3677,0.0,47
58cc9932-9185-3dfe-8b6a-832abe9fab9c,HARRINGTON PHYSICIAN SERVICES INC,340 THOMPSON RD,WEBSTER,MA,01570-1509,42.047075,-71.845805,508-943-5132,0.0,18
9e4fd3b4-7a24-3a9d-b8b4-2d7ca4144024,PLEXUS ANESTHESIA SERVICES OF MASSACHUSETTS PC,535 FAUNCE CORNER RD,DARTMOUTH,MA,02747-1242,41.56651,-70.958229,508-996-3991,0.0,24
aba8963a-6ee6-3f10-8d9f-16fe178e2ef3,CAREWELL URGENT CARE CENTERS OF MA  PC,510 BOSTON RD,BILLERICA,MA,01821-2811,42.559673,-71.260947,978-362-2443,0.0,40
f66dc930-9afa-3994-8676-0c23f1d3d7a3,STEWARD MEDICAL GROUP  INC,18 MAIN ST HARBOR VLG,TOWNSEND,MA,01469-1300,42.66495,-71.712025,978-597-9091,0.0,20
51373f2a-2219-3391-8664-4978665c2546,STEWARD MEDICAL GROUP  INC,673 BEDFORD ST,ABINGTON,MA,02351-1921,42.119966999999995,-70.957211,781-878-1903,0.0,39
b7a2f55d-5e61-3d07-9c48-a9c6c2bf6d54,BAYSTATE MEDICAL PRACTICES INC,46 DAGGETT DR,WEST SPRINGFIELD,MA,01089-4638,42.125451,-72.649734,413-794-9110,0.0,1
aa383493-9e47-3436-a1d1-f8e5a2d70da3,HARRINGTON PHYSICIAN SERVICES INC,78 SUTTON AVE,OXFORD,MA,01540-1813,42.12826,-71.8671,508-499-1760,0.0,26
cbdbf717-3814-31bb-b9f1-67339c1fd769,STEWARD MEDICAL GROUP  INC,575 TURNPIKE ST,NORTH ANDOVER,MA,01845-5937,42.673909,-71.091334,978-682-2310,0.0,45
e8d2811e-b977-33a0-89f9-3e0c95887fbd,SAINT VINCENT PHYSICIAN SERVICES INC,123 SUMMER ST,WORCESTER,MA,01608-1216,42.269478,-71.807783,508-363-6470,0.0,38
56ec547f-c711-311d-b5ec-6dcc9ac0a00a,UMASS MEMORIAL MEDICAL GROUP  INC.,15 W ST,EAST DOUGLAS,MA,01516-2160,42.080784,-71.715992,508-476-3291,0.0,41
3a391ef2-6a65-3837-a006-f458a85e77da,STEWARD MEDICAL GROUP  INC,2110 DORCHESTER AVE,DORCHESTER CENTER,MA,02124-5628,42.33196,-71.020173,617-296-4709,0.0,11
ab907424-6645-3974-b0bc-a644f71afb0c,ATRIUS HEALTH INC,111 GROSSMAN DR,BRAINTREE,MA,02184-4945,42.205416,-71.00216800000003,781-849-1000,0.0,34
c496d392-6507-3d49-97f6-6259470f0440,MEDICAL CARE OF BOSTON MANAGEMENT CORPORATION,100 HIGHLAND ST,MILTON,MA,02186-3874,42.241557,-71.082432,617-696-1460,0.0,6
f076486c-76c1-32dc-9578-75f1d197a5db,PCP344774,188 WORCESTER PROV TPKE,SUTTON,MA,01590-1908,42.132051000000004,-71.75031800000001,,0.0,52
c2751801-8047-30ce-ba9b-72afebaae76a,UROLOGY CONSULTANTS OF NS,1 WALLACE BASHAW JR WAY,NEWBURYPORT,MA,01950,42.812358,-70.89109499999998,978-997-1400,0.0,73
73ed2306-c57a-3f50-844a-24dc29bee6b3,BOSTON HEALTH CARE FOR THE HOMELESS PROGRAM INC,170 MORTON ST,JAMAICA PLAIN,MA,02130-3735,42.33196,-71.020173,617-971-3229,0.0,12
8c69c8f1-6e90-3a0d-af7d-332cc235b0c3,CARL GUSTAFSON LLC,11 CABOT RD,WOBURN,MA,01801-1003,42.488769,-71.154438,781-305-5060,0.0,43
d264d7d3-1734-3cb1-9734-29c88d09fa03,UMASS MEMORIAL MEDICAL GROUP  INC.,44 CENTRAL ST,BERLIN,MA,01503-1225,42.384929,-71.633889,978-838-2330,0.0,51
65ecdf62-6f9b-3051-824f-6f58a06fb732,PARTNERS COMMUNITY PHYSICIANS ORGANIZATION INC,66 E MAIN ST,GEORGETOWN,MA,01833-2112,42.726188,-70.983328,978-352-8375,0.0,37
e2810e16-a3c8-3ac2-8360-d57b2217e75d,MEDICAL CARE OF BOSTON MANAGEMENT CORPORATION,17 OAK ST,NEEDHAM,MA,02492-2470,42.281593,-71.242414,781-444-7740,0.0,31
daff0685-8673-3a4a-b096-6e0c6284551d,PRIMA CARE WALK IN CLINIC,289 PLEASANT STREET,FALL RIVER,MA,2721,41.6983957,-71.1480617,508-674-7779,0.0,1
92819cdc-db9e-387e-8c4f-4b2b4e8b2e4f,SAINTS WALK-IN MEDICAL CENTER - URGENT CARE AND OCCUPATIONAL HEALTH,1230 BRIDGE STREET,LOWELL,MA,1850,42.6653405,-71.3038939,978-459-2273,0.0,3
0d1563c1-d56c-362e-9e3d-d74463ebbe0f,URGENT CARE MEDICAL CLINIC,629 PLEASANT STREET,BROCKTON,MA,2301,42.0892313,-71.04551,508-583-0010,0.0,9
4e916854-3a59-3f17-bb16-7c406148d822,HANOVER FAMILY HEALTH AND URGENT CARE,1399 WASHINGTON STREET,HANOVER,MA,2339,42.144202,-70.844005,781-829-1000,0.0,11
7116c200-6663-3503-8314-1ee16845e5d3,SAINTS WALK-IN MEDICAL CENTER - URGENT CARE AND OCCUPATIONAL HEALTH,85 PARKHURST ROAD,CHELMSFORD,MA,1824,42.6257767,-71.3593401,978-458-6868,0.0,9
cbbee84d-7644-3b24-9f41-e3747f5050df,FAMILY HEALTH CENTER,26 QUEEN STREET,WORCESTER,MA,1610,42.2590345,-71.8139319,508-860-7777,0.0,63
f1313c7d-3148-335b-adc3-337f15567b82,WINCHESTER HOSPITAL FAMILY MEDICAL CENTER,500 SALEM STREET,WILMINGTON,MA,1887,42.5805281,-71.1438654,978-988-6105,0.0,8
e3f1676b-9b40-3544-af4e-17a06bbb98bb,CODMAN SQUARE HEALTH CENTER,637 WASHINGTON STREET,DORCHESTER,MA,2124,42.2894365,-71.0719941,617-825-9660,0.0,3
b81688f5-bd0e-3c99-963f-860d3e90ab5d,URGENT CARE MEDICAL CLINIC,581 BOYLSTON STREET,BOSTON,MA,2116,42.3505548,-71.0766054,617-247-1400,0.0,6
eeca3319-9cbf-382e-a7ee-43986c981135,TAUNTON WALK IN HEALTH CLINIC,58 TREMONT STREET,TAUNTON,MA,2780,41.9048719,-71.106073,508-822-2311,0.0,1
6e62e63b-c39a-3211-99d8-8b8f0f06774e,GREAT BROOK VALLEY HEALTH CENTER,19 TACOMA STREET,WORCESTER,MA,1605,42.3023113,-71.7661395,508-852-1805,0.0,18
62fa9127-485f-3032-87cc-6576d91fec94,LAHEY CLINIC NORTHSHORE,1 ESSEX CENTER DRIVE,PEABODY,MA,1960,42.5369864,-70.9465423,978-538-4000,0.0,21
b60f8daf-0362-3c28-9b54-216e7f3e80bd,FALMOUTH HOSPITAL CLINIC AT BOURNE,1 TROWBRIDGE ROAD,BUZZARDS BAY,MA,2532,41.740785,-70.5980121,508-743-0322,0.0,2
d672f853-e2a5-324e-98fa-c6d5f8dfc255,WALTHAM URGENT CARE,9 HOPE AVENUE,WALTHAM,MA,2453,42.3700513,-71.2490152,617-243-5591,0.0,3
98d42012-384f-39d9-b210-cc654b9441f6,FONTAINE MEDICAL CENTER,525 LONG POND DRIVE,HARWICH,MA,2645,41.722586,-70.0372004,508-432-4100,0.0,2
27f06acd-f732-3871-be87-889fef7d9010,CONCENTRA URGENT CARE - GREENFIELD,489 BERNARDSTON ROAD,GREENFIELD,MA,1301,42.6087525,-72.5857131,413-772-5055,0.0,3
7ffe74ac-786d-3c6d-bcb9-323352f6149c,CONCENTRA URGENT CARE - SPRINGFIELD,140 CARANDO DRIVE,SPRINGFIELD,MA,1104,42.1463818,-72.5335973,413-746-4006,0.0,1
a9afd4c9-8443-3b5a-a486-07c3bb109b3f,RIVER BEND MEDICAL GROUP - CHICOPEE OFFICE - URGENT CARE,444 MONTGOMERY STREET,CHICOPEE,MA,1020,42.1718584,-72.5849672,413-594-3111,0.0,2
9b5f23f1-c387-3a77-9359-752d26d7f997,FAMILY DOCTORS,250 PARADISE ROAD,SWAMPSCOTT,MA,1907,42.47636,-70.9125322,781-596-4150,0.0,1
108ccece-277a-396f-8bf2-1527f74458eb,ON CALL URGENT CARE CENTER,51 LOCUST STREET,NORTHAMPTON,MA,1060,42.3323152,-72.6545646,413-584-7425,0.0,26
f7a6cc79-3075-3124-9f62-6fe562440b1d,HAWTHORN MEDICAL URGENT CARE CENTER,237 STATE ROAD,NORTH DARTMOUTH,MA,2747,41.6392025,-70.9815648,508-961-0861,0.0,34
308b5efa-a9c2-3728-b1ff-d29c5f060731,FALLON CLINIC URGENT CARE,630 PLANTATION STREET,WORCESTER,MA,1605,42.2925591,-71.7603169,508-595-2505,0.0,8
90cf148c-69ed-3d33-aa86-b509c6b0b25f,PROMPT CARE WALK-IN CLINIC,170 GOVERNORS AVENUE,MEDFORD,MA,2155,42.4259086,-71.1113649,781-306-6180,0.0,9
